id,name,email,email_verified_at,password,remember_token,created_at,updated_at,user_age,user_job,user_gender,user_plays_music,user_instruments,user_music_contexts,profile_id
1,User 1,user1@example.com,2026-03-11 10:21:07,$2b$12$YXoG8a3SdJjChgVbL1aGhO0/PuGtX/WWQHHHm/L1sqDq6MdnBEQ/6,,2026-03-11 10:21:07,2026-03-11 10:21:07,21.0,Employé(e) à plein temps,Homme,1.0,['Guitare / Basse / Banjo'],"['Travail / études', 'Trajet', 'Détente', 'Jeu vidéo']",1
2,User 2,user2@example.com,2026-03-11 10:21:07,$2b$12$hm4Y1MPzl9V0FjAsaR.AoeYJgp8CWWiKLvcS9CA6T0fxGrgwJwqIW,,2026-03-11 10:21:07,2026-03-11 10:21:07,21.0,Sans emploi,Homme,0.0,nan,"['Détente', 'Lecture / écriture', 'Jeu vidéo', 'Travail / études']",2
3,User 3,user3@example.com,2026-03-11 10:21:07,$2b$12$0xqqyp3f96Un85CmQB47De7n56dDDs2aSudn1wfB1ftgB1TAYyxu2,,2026-03-11 10:21:07,2026-03-11 10:21:07,21.0,Etudiant(e),Homme,1.0,['Piano / Orgues'],"['Sport', 'Travail / études', 'Détente']",3
4,User 4,user4@example.com,2026-03-11 10:21:07,$2b$12$isF7lYoOPutBvCNOt8HvoOsaImGkKl3dtA3RB7QO2sakrCaFMCGUe,,2026-03-11 10:21:07,2026-03-11 10:21:07,21.0,Sans emploi,Homme,0.0,nan,"['Trajet', 'Détente', 'Jeu vidéo', 'Soirée entre amis']",4
5,User 5,user5@example.com,2026-03-11 10:21:07,$2b$12$qkKK7bEmx92iAxQNA07CQ.5JAEaJor4Bosz2KUIPJke2qGMHnQj/e,,2026-03-11 10:21:07,2026-03-11 10:21:07,21.0,Employé(e) à plein temps,Homme,0.0,nan,"['Détente', 'Soirée entre amis', 'Jeu vidéo', 'Trajet']",5
6,User 6,user6@example.com,2026-03-11 10:21:07,$2b$12$oLLeUssArM2Pj.lOrCfyyuBz8LfxC85vS9KQ.UtgOr7UXJ.MvQCD6,,2026-03-11 10:21:07,2026-03-11 10:21:07,29.5,Employé(e) à plein temps,Femme,0.0,nan,"['Travail / études', 'Détente', 'Soirée entre amis', 'Jeu vidéo']",6
7,User 7,user7@example.com,2026-03-11 10:21:07,$2b$12$wFGyOR5i3MFfIse72XjM4eRgqpVmcwvuurP.R.E6P6L5uYBNbNjY2,,2026-03-11 10:21:07,2026-03-11 10:21:07,29.5,Employé(e) à plein temps,Femme,0.0,nan,"['Lecture / écriture', 'Trajet', 'Sport', 'Détente']",7
8,User 8,user8@example.com,2026-03-11 10:21:07,$2b$12$sComF75wCDC9B4mbNthLy.nWojedkQb6WRSM8qH4CRRPbqu.Sjr42,,2026-03-11 10:21:07,2026-03-11 10:21:07,21.0,Etudiant(e),Homme,0.0,nan,"['Sport', 'Trajet', 'Jeu vidéo', 'Détente']",8
9,User 9,user9@example.com,2026-03-11 10:21:07,$2b$12$P4oSiKG3OYnwLqzOWQKHqOqih21VzMPe5qCXwlsf0/KMqKnR7C7ze,,2026-03-11 10:21:07,2026-03-11 10:21:07,29.5,Sans emploi,Homme,0.0,nan,"['Sport', 'Trajet', 'Soirée entre amis', 'Détente']",9
10,User 10,user10@example.com,2026-03-11 10:21:07,$2b$12$8wGkQbw/tU.EzWH5wFKgDegKHhBB5rW5yGuEazQPa1ur1ZKrlGfYG,,2026-03-11 10:21:07,2026-03-11 10:21:07,21.0,Sans emploi,Homme,0.0,nan,"['Travail / études', 'Trajet', 'Détente', 'Jeu vidéo']",10
11,User 11,user11@example.com,2026-03-11 10:21:07,$2b$12$cHzUI6u9GLogzLJgcVNgku2ajNBS3GFhV9waZp.cH1oF2FQWnZBxO,,2026-03-11 10:21:07,2026-03-11 10:21:07,21.0,Je préfère ne pas répondre,Je préfère ne pas répondre,0.0,nan,"['Trajet', 'Détente', 'Lecture / écriture', 'Travail / études']",11
12,User 12,user12@example.com,2026-03-11 10:21:07,$2b$12$Bq1Ab8y3dlFNolVY2.2xT.edyg82euQgkPuGXqtyE3RUeFcSzrvjq,,2026-03-11 10:21:07,2026-03-11 10:21:07,21.0,Employé(e) à plein temps,Homme,1.0,['Piano / Orgues'],"['Travail / études', 'Sport', 'Trajet', 'Jeu vidéo']",12
13,User 13,user13@example.com,2026-03-11 10:21:07,$2b$12$.lyKEFF6R/HOiNnBpQ7OuuUZPvIJSoiRVz1Xf5rwXIOjxKLHQiIdO,,2026-03-11 10:21:07,2026-03-11 10:21:07,21.0,Etudiant(e),Homme,0.0,nan,"['Trajet', ""Pour m'endormir le soir, de sorte à stimuler mon imagination pour rêver ou bien pour m'endormir plus rapidement""]",13
14,User 14,user14@example.com,2026-03-11 10:21:07,$2b$12$VHa.tbxxxEj.K.d2bh/9IOfgni.NUNXXBGL2wdxJohSkMNLUqZbmC,,2026-03-11 10:21:07,2026-03-11 10:21:07,21.0,Employé(e) à plein temps,Homme,0.0,nan,"['Travail / études', 'Détente', 'Soirée entre amis', 'Jeu vidéo']",14
15,User 15,user15@example.com,2026-03-11 10:21:07,$2b$12$4gzkb4oMNKBFIak8qfEH7eNdpQnYxaVPgIpzNyG1TMFe43VqBF/L.,,2026-03-11 10:21:07,2026-03-11 10:21:07,21.0,Etudiant(e) en alternance,Homme,0.0,nan,"['Travail / études', 'Trajet', 'Jeu vidéo', 'Soirée entre amis']",15
16,User 16,user16@example.com,2026-03-11 10:21:07,$2b$12$bCaotJq7AocdPM10xJQLSuIhcvZ1b8L8/yRw2oShwfUT0i/d0JdZ6,,2026-03-11 10:21:07,2026-03-11 10:21:07,21.0,Etudiant(e),Homme,1.0,"['Guitare / Basse / Banjo', 'Piano / Orgues', 'Batterie / Djembé']","['Travail / études', 'Sport', 'Trajet', 'Soirée entre amis']",16
17,User 17,user17@example.com,2026-03-11 10:21:07,$2b$12$Q/4Z9hz57.Tnrtqgn8w6gOwCbi9ilToY2TAlQhiWsm/sXEayRvJ4.,,2026-03-11 10:21:07,2026-03-11 10:21:07,21.0,Etudiant(e),Homme,0.0,nan,"['Détente', 'Travail / études', 'Jeu vidéo']",17
18,User 18,user18@example.com,2026-03-11 10:21:07,$2b$12$X/diLcO1DW7o1xGy2sQv0O.OZkXO96iSbxK/2FUsxTSrC/Ty2BXOu,,2026-03-11 10:21:07,2026-03-11 10:21:07,21.0,Etudiant(e),Homme,0.0,nan,"['Travail / études', 'Trajet', 'Avant de dormir et pendant les tâches ménagères']",18
19,User 19,user19@example.com,2026-03-11 10:21:07,$2b$12$PJk4p/xprO3tiJiyaTts1u5H0U7ImAmin9Vux/EuMrz.ElMzPshUW,,2026-03-11 10:21:07,2026-03-11 10:21:07,21.0,Employé(e) à plein temps,Homme,0.0,nan,"['Trajet', 'Travail / études', 'Détente', ""Moment dédié à l'écoute de la musique""]",19
20,User 20,user20@example.com,2026-03-11 10:21:07,$2b$12$IRA3VY31E92YQVLKPc7XKe9AVg9TgQcQKKrdZ/7ZBAW8QTjscrPKG,,2026-03-11 10:21:07,2026-03-11 10:21:07,21.0,Etudiant(e) en alternance,Homme,0.0,nan,"['Travail / études', 'Trajet', 'Détente']",20
21,User 21,user21@example.com,2026-03-11 10:21:07,$2b$12$KsRIovObOPdcu1RM7E0EkeWMvBAiSVN42tCSyi.2lFk9Lnen/IeLK,,2026-03-11 10:21:07,2026-03-11 10:21:07,21.0,Etudiant(e),Homme,1.0,['Violon / Violoncelle'],"['Trajet', 'Détente']",21
22,User 22,user22@example.com,2026-03-11 10:21:07,$2b$12$EfgFzjZPyVI5qiamovJtDeHWoSP7y5CHmPg1a.N.lDx0z5SyCmqBO,,2026-03-11 10:21:07,2026-03-11 10:21:07,21.0,Je préfère ne pas répondre,Femme,0.0,nan,"['Jeu vidéo', 'Trajet', 'Travail / études', 'Détente']",22
23,User 23,user23@example.com,2026-03-11 10:21:07,$2b$12$Jr3LlxNB2VDDNr5R0rLJVemayCOwTy6zuMTOYNtCrzpSd8BU1lPfu,,2026-03-11 10:21:07,2026-03-11 10:21:07,29.5,Employé(e) à plein temps,Homme,0.0,nan,"['Travail / études', 'Soirée entre amis', 'Jeu vidéo', 'Trajet']",23
24,User 24,user24@example.com,2026-03-11 10:21:07,$2b$12$XgSed0juuuaiclZnzJu7ION0r1FLrjVKyG.BgVxhQnmSm.2Or3QfW,,2026-03-11 10:21:07,2026-03-11 10:21:07,21.0,Employé(e) à plein temps,Homme,0.0,nan,"['Travail / études', 'Trajet', 'Jeu vidéo']",24
25,User 25,user25@example.com,2026-03-11 10:21:07,$2b$12$1v3a6NTWnPwi4zjGmZr8BeEhicBsOmKXnMe4B7I0.Vngg92D.rniu,,2026-03-11 10:21:07,2026-03-11 10:21:07,21.0,Etudiant(e),Homme,0.0,nan,"['Travail / études', 'Sport', 'Détente', 'Trajet']",25
26,User 26,user26@example.com,2026-03-11 10:21:07,$2b$12$paeaHdnTK./hwvCCm8uWYOEpYzyNPW/mlyRIAAu8YYbEuL8NFSaxy,,2026-03-11 10:21:07,2026-03-11 10:21:07,21.0,Sans emploi,Homme,0.0,nan,"['Travail / études', 'Détente', 'Jeu vidéo', 'Lecture / écriture']",26
27,User 27,user27@example.com,2026-03-11 10:21:07,$2b$12$ihfq3fmMDpz55HWZr/UHV.sU69d.8MSd279vttQdTgR0dFQjn0NdO,,2026-03-11 10:21:07,2026-03-11 10:21:07,21.0,Employé(e) à mi-temps,Homme,0.0,nan,"['Travail / études', 'Détente', 'Jeu vidéo', 'Trajet']",27
28,User 28,user28@example.com,2026-03-11 10:21:07,$2b$12$QwLtLcquBywbU/FtCdGK6.6dEzXmZ4agx6vco6Z4PeSImwhP4nD5a,,2026-03-11 10:21:07,2026-03-11 10:21:07,21.0,Employé(e) à plein temps,Femme,1.0,['chant'],"['Travail / études', 'Trajet', 'Jeu vidéo', 'Lecture / écriture']",28
29,User 29,user29@example.com,2026-03-11 10:21:07,$2b$12$cqsbWx41ZNpH0NfSZNi6z.C3Ev9o0NnPdq2zYJIBxvmBTv0hIx0SK,,2026-03-11 10:21:07,2026-03-11 10:21:07,21.0,Etudiant(e) en alternance,Femme,0.0,nan,"['Détente', 'Travail / études', 'Soirée entre amis', 'Trajet']",29
30,User 30,user30@example.com,2026-03-11 10:21:07,$2b$12$hr5NZNtpakA3x7TnuN5gJ.y2aldT1smF8vXSkqo7YGvoiLI2jgmU.,,2026-03-11 10:21:07,2026-03-11 10:21:07,21.0,Etudiant(e),Homme,1.0,['Piano / Orgues'],"['Travail / études', 'Trajet', 'Soirée entre amis', 'Jeu vidéo']",30
31,User 31,user31@example.com,2026-03-11 10:21:07,$2b$12$K4/jSGwQdc/sS/65cQP0MODzORDjIEq9UXcjLnHEH4wJZuxMIhtJK,,2026-03-11 10:21:07,2026-03-11 10:21:07,21.0,Employé(e) à plein temps,Homme,0.0,nan,"['Travail / études', 'Trajet', 'Détente', 'Soirée entre amis']",31
32,User 32,user32@example.com,2026-03-11 10:21:07,$2b$12$q2LVjpbTlrPFspMrbEyMhedZNvjFkL0z6wwGjAtQUN5Fv8noLENza,,2026-03-11 10:21:07,2026-03-11 10:21:07,21.0,Etudiant(e),Homme,1.0,['Piano / Orgues'],"['Travail / études', 'Sport', 'Détente', 'Soirée entre amis']",32
33,User 33,user33@example.com,2026-03-11 10:21:07,$2b$12$dMvQG4voajHZ4pRPP2iUuOYysl7pNJA4p8LWtvIIoWAK2MsCCuGk6,,2026-03-11 10:21:07,2026-03-11 10:21:07,29.5,Employé(e) à mi-temps,Femme,1.0,['Piano / Orgues'],"['Sport', 'Trajet', 'Détente', 'Tâche ménagère ou cuisine']",33
34,User 34,user34@example.com,2026-03-11 10:21:07,$2b$12$9PmUG8LIRQfP.D1Rn7kS.O10A0Lvau87AEQA.Kj6gzWHCYESWcn9m,,2026-03-11 10:21:07,2026-03-11 10:21:07,21.0,Etudiant(e) en alternance,Femme,0.0,nan,"['Travail / études', 'Trajet', 'Lecture / écriture']",34
35,User 35,user35@example.com,2026-03-11 10:21:07,$2b$12$rJ2p8LN/MMqC/mckAtL5K.wrozInOjW/EELxHOl0fL68zr8ZTI3W.,,2026-03-11 10:21:07,2026-03-11 10:21:07,29.5,Etudiant(e) en alternance,Femme,1.0,['Piano / Orgues'],"['Trajet', 'Détente', 'Lecture / écriture']",35
36,User 36,user36@example.com,2026-03-11 10:21:07,$2b$12$gityiH204l4b/6TEJyDXlOtOLsRivXacMkUZ1qErqwpEXwDQWz8su,,2026-03-11 10:21:07,2026-03-11 10:21:07,29.5,Employé(e) à plein temps,Femme,0.0,nan,"['Détente', 'Lecture / écriture', 'Trajet']",36
37,User 37,user37@example.com,2026-03-11 10:21:07,$2b$12$zNLYhILXvPYMfhpp7avei.EPyahI5f3/xUDbz6PZbqyHV2QJ9TRJ6,,2026-03-11 10:21:07,2026-03-11 10:21:07,39.5,Employé(e) à plein temps,Femme,0.0,nan,"['Travail / études', 'Trajet', 'Lecture / écriture', 'Détente']",37
38,User 38,user38@example.com,2026-03-11 10:21:07,$2b$12$eWsh945Q475XmPV74caqueHOn2fL9iC8U7jZzNBNzA4cBS8ejS5De,,2026-03-11 10:21:07,2026-03-11 10:21:07,52.0,Employé(e) à plein temps,Femme,1.0,['Piano / Orgues'],"['Trajet', 'Détente', 'Soirée entre amis', 'Sport']",38
39,User 39,user39@example.com,2026-03-11 10:21:07,$2b$12$j3Isg2aM81LoTZ85pOQZt.CjR1vEljYPdZVm8YRLNzlE20I/8OPRm,,2026-03-11 10:21:07,2026-03-11 10:21:07,39.5,Employé(e) à plein temps,Femme,0.0,nan,"['Sport', 'Trajet', 'Détente', 'Jeu vidéo']",39
40,User 40,user40@example.com,2026-03-11 10:21:07,$2b$12$mrJ.8L8mEkdGuBqIgQfiQe7b.6JCriqd0Mij99DZh6aKQfG4/VZTG,,2026-03-11 10:21:07,2026-03-11 10:21:07,21.0,Employé(e) à plein temps,Femme,0.0,nan,['A domicile'],40
41,User 41,user41@example.com,2026-03-11 10:21:07,$2b$12$DM37lkK059BaU5dQfOXIZeoDMTcYyoPBvl0hl5qJpDkN8FZO8kgJC,,2026-03-11 10:21:07,2026-03-11 10:21:07,29.5,Employé(e) à plein temps,Femme,0.0,nan,"['Sport', 'Trajet', 'Soirée entre amis']",41
42,User 42,user42@example.com,2026-03-11 10:21:07,$2b$12$k/Nv6ckYIHO.gOTPkgQha.5H/j/QBs/T0NkM2vUq5p8TkKhT2TqFq,,2026-03-11 10:21:07,2026-03-11 10:21:07,21.0,Etudiant(e),Femme,0.0,nan,"['Trajet', 'Lecture / écriture', 'Travail / études']",42
43,User 43,user43@example.com,2026-03-11 10:21:07,$2b$12$BTJUGcMVj0W.57DPd3a4qOwjuqqQ57/EiBfqOcpcPJcK922Fsvuya,,2026-03-11 10:21:07,2026-03-11 10:21:07,21.0,Etudiant(e),Non-binaire,1.0,"['Guitare / Basse / Banjo', 'Singing']","['Travail / études', 'Trajet', 'Sport', 'Soirée entre amis']",43
44,User 44,user44@example.com,2026-03-11 10:21:07,$2b$12$t1eTMiPbJPo9UGJIqNa5H.Zed9UymriC1NicDcFtw7N0JGyBuawMy,,2026-03-11 10:21:07,2026-03-11 10:21:07,39.5,Employé(e) à plein temps,Homme,0.0,nan,"['Trajet', 'Détente', 'Soirée entre amis']",44
45,User 45,user45@example.com,2026-03-11 10:21:07,$2b$12$a8tDgflw5f3friKpSHYlJObCZNGhKokAgBzzXowC3iM/3ehuT.6DW,,2026-03-11 10:21:07,2026-03-11 10:21:07,nan,Employé(e) à plein temps,Femme,0.0,nan,"['Trajet', 'Sport', 'Soirée entre amis']",45
46,User 46,user46@example.com,2026-03-11 10:21:07,$2b$12$LlBADHRAKwBH32hXnckO5.CnXDzYyARLlYjak7THJblCR9D9l8BFS,,2026-03-11 10:21:07,2026-03-11 10:21:07,29.5,Employé(e) à plein temps,Femme,0.0,nan,"['Travail / études', 'Trajet', 'Détente']",46
47,User 47,user47@example.com,2026-03-11 10:21:07,$2b$12$2q/Zt51KsEgHjD6tld0MVuYnPSojE9wjRj7BXMty4zNEJH8.Huf8S,,2026-03-11 10:21:07,2026-03-11 10:21:07,52.0,Employé(e) à plein temps,Femme,0.0,nan,"['Trajet', 'Soirée entre amis', 'Ménage']",47
48,User 48,user48@example.com,2026-03-11 10:21:07,$2b$12$5G6BY06lmM2/7KfexhlCBOoPXnXSQTtpKqDL2KI.DenutXk044BNC,,2026-03-11 10:21:07,2026-03-11 10:21:07,21.0,Employé(e) à plein temps,Homme,0.0,nan,"['Jeu vidéo', 'Trajet', 'Soirée entre amis']",48
49,User 49,user49@example.com,2026-03-11 10:21:07,$2b$12$dsYmtj4B9dCjV7NOcYHmU.SveBSuAl52NDaEpyxn7O7xp7ho8lDTO,,2026-03-11 10:21:07,2026-03-11 10:21:07,52.0,Employé(e) à plein temps,Homme,0.0,nan,"['Détente', 'Soirée entre amis']",49
50,User 50,user50@example.com,2026-03-11 10:21:07,$2b$12$VfwRBAK364qu4Z1spPkc/OxcMpUGjwawmmwWRJBfxLy8S7Juc8a4K,,2026-03-11 10:21:07,2026-03-11 10:21:07,60.0,Employé(e) à mi-temps,Femme,0.0,nan,"['Trajet', 'Détente', 'Soirée entre amis']",50
51,User 51,user51@example.com,2026-03-11 10:21:07,$2b$12$el0uNmofaoXo/0eVR3Kpj.BWTCsIo4EBfh7w72hrHTHsixXlX8nCi,,2026-03-11 10:21:07,2026-03-11 10:21:07,39.5,Employé(e) à plein temps,Femme,1.0,"['Piano / Orgues', 'Batterie / Djembé', 'Guitare / Basse / Banjo']","['Trajet', 'Détente', 'Soirée entre amis']",51
52,User 52,user52@example.com,2026-03-11 10:21:07,$2b$12$ozvvfc/w/GZENa5zzf.3nOneUaUciq35Bcz.5i95TOYqqF/IraEj.,,2026-03-11 10:21:07,2026-03-11 10:21:07,39.5,Employé(e) à plein temps,Homme,0.0,nan,"['Travail / études', 'Trajet', 'Détente', 'Soirée entre amis']",52
53,User 53,user53@example.com,2026-03-11 10:21:07,$2b$12$vGl4k0epTyOtDCz2Vw1xte8DqN4BKs3OxppCvvIzyIE.yoM3TlyOm,,2026-03-11 10:21:07,2026-03-11 10:21:07,52.0,Employé(e) à plein temps,Homme,1.0,['Batterie / Djembé'],"['Travail / études', 'Soirée entre amis', 'Trajet', 'Détente']",53
54,User 54,user54@example.com,2026-03-11 10:21:07,$2b$12$cNbP.4pjlClyaANDsMug6.xDxwC/XHRkxhdXnwayV5g7K8xpd.2Cm,,2026-03-11 10:21:07,2026-03-11 10:21:07,39.5,Employé(e) à plein temps,Femme,0.0,nan,"['Trajet', 'Détente']",54
55,User 55,user55@example.com,2026-03-11 10:21:07,$2b$12$7Q.CgNqxKc1TRiLNy1wKSeN08oniuL4T4st1sFMPprF40hO6jA5CS,,2026-03-11 10:21:07,2026-03-11 10:21:07,29.5,Employé(e) à plein temps,Femme,0.0,nan,"['Trajet', 'Soirée entre amis']",55
56,User 56,user56@example.com,2026-03-11 10:21:07,$2b$12$xriKy0S7CFYN1x1UpdWkneheTmgZTahFD0Ztznm3rhsqTl9ri3vki,,2026-03-11 10:21:07,2026-03-11 10:21:07,29.5,Employé(e) à plein temps,Homme,1.0,['Guitare / Basse / Banjo'],"['Travail / études', 'Sport', 'Trajet']",56
57,User 57,user57@example.com,2026-03-11 10:21:07,$2b$12$N2NacdjD8mxKtUjU62LfUOY0SmU6LwqUEI.R8jtqm5vWjNv1TlLQW,,2026-03-11 10:21:07,2026-03-11 10:21:07,21.0,Etudiant(e),Femme,0.0,nan,"['Travail / études', 'Trajet', 'Détente']",57
58,User 58,user58@example.com,2026-03-11 10:21:07,$2b$12$yWkGUvw9S1vdhYhFjYtmxOgFJhROMdUL0FmwGhQHxeUOI2lZA8.Q6,,2026-03-11 10:21:07,2026-03-11 10:21:07,nan,nan,nan,1.0,['Guitare / Basse / Banjo'],"['Travail / études', 'Trajet', 'Soirée entre amis', 'Sport']",58
59,User 59,user59@example.com,2026-03-11 10:21:07,$2b$12$E84cig.2hUCNvxBi9nfp8eQAtHzPMfYR1gMAVPwBXisqT0FQ6ef1q,,2026-03-11 10:21:07,2026-03-11 10:21:07,21.0,Etudiant(e),Femme,0.0,nan,"['Trajet', 'Détente', 'Soirée entre amis', 'Sport']",59
60,User 60,user60@example.com,2026-03-11 10:21:07,$2b$12$m2qJ/Aw2FYsU6dHupuOa.uf97JcPGPwgKPHSEn1HujaSJq3W/icEy,,2026-03-11 10:21:07,2026-03-11 10:21:07,29.5,Employé(e) à plein temps,Homme,0.0,nan,"['Détente', 'Travail / études']",60
61,User 61,user61@example.com,2026-03-11 10:21:07,$2b$12$yWYZ9V5oMI5/Cai6OC7vI./KLMt3raGj2tBrkeVblQ7aQ4cEH2opW,,2026-03-11 10:21:07,2026-03-11 10:21:07,52.0,Employé(e) à plein temps,Femme,0.0,nan,"['Travail / études', 'Trajet', 'Soirée entre amis', 'Détente']",61
62,User 62,user62@example.com,2026-03-11 10:21:07,$2b$12$ug2MPRUX5TWGiTbDDetL8uqCWby6R4R.z.iJlx8gpkI.pOpOJe006,,2026-03-11 10:21:07,2026-03-11 10:21:07,29.5,Employé(e) à plein temps,Femme,0.0,nan,"['Travail / études', 'Trajet', 'Soirée entre amis']",62
63,User 63,user63@example.com,2026-03-11 10:21:07,$2b$12$aXZmzq9svTHfTPJYNmaWzecsqvPdQqYRUttL0kNygPh3Zszbu8bVK,,2026-03-11 10:21:07,2026-03-11 10:21:07,21.0,Employé(e) à plein temps,Femme,nan,nan,"['Travail / études', 'Trajet', 'Soirée entre amis', 'Détente']",63
64,User 64,user64@example.com,2026-03-11 10:21:07,$2b$12$W4k3cYs2As8GCdK.B4CBnedLVCw3wxp3RRjfUULlr/DlJzB3ZY8sK,,2026-03-11 10:21:07,2026-03-11 10:21:07,21.0,Etudiant(e) en alternance,Homme,0.0,nan,"['Travail / études', 'Trajet', 'Soirée entre amis', 'Jeu vidéo']",64
65,User 65,user65@example.com,2026-03-11 10:21:07,$2b$12$qkALjOt/Nn.Pyp69IL9P.uB8qY5tzFS5eOhC3y59N.FBRtB/h6WQ2,,2026-03-11 10:21:07,2026-03-11 10:21:07,60.0,Retraité(e),Femme,0.0,nan,"['Trajet', 'Détente', 'Combler le vide']",65
66,User 66,user66@example.com,2026-03-11 10:21:07,$2b$12$qPVBQV2CPiAD47/1DLtcEuTJwJJb790bD.FngfSGPTQrVNR0FgP4K,,2026-03-11 10:21:07,2026-03-11 10:21:07,29.5,Employé(e) à plein temps,Femme,1.0,['Piano / Orgues'],"['Travail / études', 'Sport', 'Trajet']",66
67,User 67,user67@example.com,2026-03-11 10:21:07,$2b$12$8jpawttkpbovCi30IQF3sObqJ.J2klzz8B41qys9lh9NKtPkwgJ42,,2026-03-11 10:21:07,2026-03-11 10:21:07,60.0,Retraité(e),Homme,0.0,nan,"['Travail / études', 'Détente']",67
68,User 68,user68@example.com,2026-03-11 10:21:07,$2b$12$jk/vcxq6NC8HimH6v3ZIsuN.aXp4c/tZVlELP8r5tqmwfTI2xLVrO,,2026-03-11 10:21:07,2026-03-11 10:21:07,60.0,Retraité(e),Femme,0.0,nan,['Détente'],68
69,User 69,user69@example.com,2026-03-11 10:21:07,$2b$12$3xaekuv88KJ8T/LG5rfp3OCj9VY1vtDYjGRNrqlDS7LzTmRvtPGhu,,2026-03-11 10:21:07,2026-03-11 10:21:07,29.5,Employé(e) à plein temps,Femme,0.0,nan,"['Travail / études', 'Détente']",69
70,User 70,user70@example.com,2026-03-11 10:21:07,$2b$12$MJMr.Sca8v6piRVZN3oiSurZG8w0IZpeTJXc0jG2LJYA42QyXXfFu,,2026-03-11 10:21:07,2026-03-11 10:21:07,52.0,Employé(e) à plein temps,Femme,0.0,nan,"['Pour se motiver', 'Détente']",70
71,User 71,user71@example.com,2026-03-11 10:21:07,$2b$12$SBnSVjkBWS6K1UWrNej2neEqW6KJhcH5hi8oE.WcpjbG7rgbvicNu,,2026-03-11 10:21:07,2026-03-11 10:21:07,39.5,Employé(e) à plein temps,Homme,0.0,nan,"['Travail / études', 'Sport', 'Trajet', 'Détente']",71
72,User 72,user72@example.com,2026-03-11 10:21:07,$2b$12$0zo9flDUrcKu.T8EpztiKuAw8feE7DUx/01rjA9CYrwgOafXAJVIm,,2026-03-11 10:21:07,2026-03-11 10:21:07,29.5,Employé(e) à plein temps,Homme,0.0,nan,"['Travail / études', 'Sport', 'Trajet', 'Détente']",72
73,User 73,user73@example.com,2026-03-11 10:21:07,$2b$12$gw.uKb.jbCBsNi8T9vFTWeahWAYvbR27xB87f1pfy6KngRKjnhOXG,,2026-03-11 10:21:07,2026-03-11 10:21:07,52.0,Employé(e) à plein temps,Femme,0.0,nan,"['Soirée entre amis', 'Détente']",73
74,User 74,user74@example.com,2026-03-11 10:21:07,$2b$12$z1rd.PuYKd3LHhOmsfh/te1ZS5qneXPak9/mv2xUiGsV3sMy4ICwW,,2026-03-11 10:21:07,2026-03-11 10:21:07,60.0,Retraité(e),Femme,0.0,nan,"['Trajet', 'Sport']",74
75,User 75,user75@example.com,2026-03-11 10:21:07,$2b$12$pblPjbP2srYW3lkvkWU9C.oa.lUDHyI3bBSyUwtiGhzq5grFMTsoW,,2026-03-11 10:21:07,2026-03-11 10:21:07,15.0,Collégien(ne) / lycéen(ne),Femme,1.0,['Piano / Orgues'],['Trajet'],75
76,User 76,user76@example.com,2026-03-11 10:21:07,$2b$12$hW3p3P2MtYtSSbQNVbUSW.UDUG/sSmah4X5c/Lbs0WxqEFdc6x7sq,,2026-03-11 10:21:07,2026-03-11 10:21:07,21.0,Etudiant(e),Femme,0.0,nan,"['Jeu vidéo', 'Trajet', 'Détente']",76
77,User 77,user77@example.com,2026-03-11 10:21:07,$2b$12$idmP9y2SrS/Yw.1KQqVwG.nuX2N1Jrgk7HW/7CVyX3R/rTylL675m,,2026-03-11 10:21:07,2026-03-11 10:21:07,21.0,Etudiant(e),Homme,0.0,nan,"['Travail / études', 'Trajet', 'Détente', 'Jeu vidéo']",77
78,User 78,user78@example.com,2026-03-11 10:21:07,$2b$12$M5nhePCbLrJhGRDboUV5nu6QS/SN7r5XJC1MiCEv39zAMTnie.LHq,,2026-03-11 10:21:07,2026-03-11 10:21:07,52.0,Expert judiciaire,Homme,0.0,nan,"['Sport', 'Trajet', 'Détente']",78
79,User 79,user79@example.com,2026-03-11 10:21:07,$2b$12$cfu3f6oqU.15FP/RciYTCeW.LUz8KZjQ2CrF..o/QGtNRw2/.4s8i,,2026-03-11 10:21:07,2026-03-11 10:21:07,39.5,Travailleur indépendant,Femme,1.0,['Chant'],"['Trajet', 'Détente', 'Soirée entre amis']",79
80,User 80,user80@example.com,2026-03-11 10:21:07,$2b$12$F9xkCvY.DJng2uoXAgGVru1FDz1w0An970shdCmyGkaXnFnUxVAQW,,2026-03-11 10:21:07,2026-03-11 10:21:07,52.0,Employé(e) à plein temps,Non-binaire,1.0,['Guitare / Basse / Banjo'],"['Détente', 'Trajet']",80
81,User 81,user81@example.com,2026-03-11 10:21:07,$2b$12$vLAAaAv4FOaCCNP9PFCkS.qsvLiJn.7TYBheZWMgp5YjGCq8kPymO,,2026-03-11 10:21:07,2026-03-11 10:21:07,21.0,Etudiant(e),Homme,1.0,['Trompette / Saxophone / Flûte / Clarinette'],"['Travail / études', 'Trajet']",81
82,User 82,user82@example.com,2026-03-11 10:21:07,$2b$12$u6rPkGxWqRP7ywmkRH9YIOCcie0S14JmpY3to7JmKwlcy2GT1/QQm,,2026-03-11 10:21:07,2026-03-11 10:21:07,21.0,Etudiant(e),Homme,1.0,['Trompette / Saxophone / Flûte / Clarinette'],['Travail / études'],82
83,User 83,user83@example.com,2026-03-11 10:21:07,$2b$12$DvCME1lpXT1rz/b62lHlNuIZgjKeRabQbd1dEDfWTnpWGrlR6kdc.,,2026-03-11 10:21:07,2026-03-11 10:21:07,52.0,Employé(e) à mi-temps,Homme,0.0,nan,"['Travail / études', 'Trajet', 'Soirée entre amis', 'Détente']",83
84,User 84,user84@example.com,2026-03-11 10:21:07,$2b$12$LEZw76wSFkccaCdTwE.IQu89VEtRLbYz/kWrnESIx/4tb28KvuDmK,,2026-03-11 10:21:07,2026-03-11 10:21:07,52.0,Employé(e) à plein temps,Femme,1.0,['Guitare / Basse / Banjo'],"['Détente', 'Sport']",84
85,User 85,user85@example.com,2026-03-11 10:21:07,$2b$12$p74207vuX/.zXivqCwzwLufn0aY3NFFijmoN6OBh8gRrjJ8GoC8Zy,,2026-03-11 10:21:07,2026-03-11 10:21:07,39.5,Employé(e) à plein temps,Homme,1.0,['Batterie / Djembé'],"['Travail / études', 'Trajet', 'Détente']",85
86,User 86,user86@example.com,2026-03-11 10:21:07,$2b$12$FwPl9qN1LlVOJHfmFz.D0e4lUcAvN6/pTCBEHLarjnbcwQay4Jte.,,2026-03-11 10:21:07,2026-03-11 10:21:07,29.5,Employé(e) à plein temps,Femme,0.0,nan,"['Sport', 'Soirée entre amis', 'Jeu vidéo', 'Travail / études']",86
87,User 87,user87@example.com,2026-03-11 10:21:07,$2b$12$VGTsJhrNY.MJww39wyQyN.yD9mOfgQvWu1ebDCyYT3RGUP2YLjbIO,,2026-03-11 10:21:07,2026-03-11 10:21:07,29.5,Employé(e) à plein temps,Femme,0.0,nan,"['Travail / études', 'Trajet', 'Soirée entre amis']",87
88,User 88,user88@example.com,2026-03-11 10:21:07,$2b$12$z74OQyJqCB8.U0pRg0E75.4/WxoIKumHFG5zl73Oo0lznFFEwxqki,,2026-03-11 10:21:07,2026-03-11 10:21:07,29.5,Employé(e) à plein temps,Je préfère ne pas répondre,1.0,['Piano / Orgues'],"['Travail / études', 'Sport', 'Trajet', 'Soirée entre amis']",88
89,User 89,user89@example.com,2026-03-11 10:21:07,$2b$12$t0kypNdZwxUii7rvVSF77eu40hGF7Eb9FvuFgPe2hFJU/Sn91vPNO,,2026-03-11 10:21:07,2026-03-11 10:21:07,29.5,Employé(e) à plein temps,Homme,0.0,nan,"['Sport', 'Trajet']",89
90,User 90,user90@example.com,2026-03-11 10:21:07,$2b$12$C4ZNdHB6LgCWPmVd3DXx7un1WZyNxDOm6kP3h8x2JnCaV/pzq7N..,,2026-03-11 10:21:07,2026-03-11 10:21:07,39.5,Employé(e) à plein temps,Homme,0.0,nan,"['Travail / études', 'Trajet', 'Soirée entre amis', 'Détente']",90
91,User 91,user91@example.com,2026-03-11 10:21:07,$2b$12$VGQ1.cCvErzKjGGvWtgw9uNiDXXvV7mPtlhqvnSjV3Zuk2wvuWlPe,,2026-03-11 10:21:07,2026-03-11 10:21:07,21.0,Etudiant(e),Homme,0.0,nan,"['Trajet', 'Travail / études', 'Sport', 'Lecture / écriture']",91
92,User 92,user92@example.com,2026-03-11 10:21:07,$2b$12$qT.mcC.N.pj4ghzm56TxDu.VLMd0ADqfFHkNlOlMKsQKK/e2uSO9y,,2026-03-11 10:21:07,2026-03-11 10:21:07,39.5,Employé(e) à plein temps,Homme,1.0,['Piano / Orgues'],"['Sport', 'Détente', 'Soirée entre amis']",92
93,User 93,user93@example.com,2026-03-11 10:21:07,$2b$12$IcpB0Dqp6h0sXtpbF4UIv.cxBWrXU/VG7x/KudQx5SLgb4ZxLf9Zy,,2026-03-11 10:21:07,2026-03-11 10:21:07,52.0,Employé(e) à plein temps,Homme,0.0,nan,"['Trajet', 'Soirée entre amis', 'Jeu vidéo', 'Travail / études']",93
94,User 94,user94@example.com,2026-03-11 10:21:07,$2b$12$pHr4BbHOMe4nV1rjZ4NViu75A198Une3eprHtBx8DLxZAMu8X7YmW,,2026-03-11 10:21:07,2026-03-11 10:21:07,29.5,Employé(e) à plein temps,Homme,1.0,"['Piano / Orgues', 'Guitare / Basse / Banjo']","['Trajet', 'Détente', 'Jeu vidéo', 'Travail / études']",94
95,User 95,user95@example.com,2026-03-11 10:21:07,$2b$12$kGE0cJytpqqWXUVr.p7qEe3uvean.ju7JaOUvD6q8WoCNn.JEhJKq,,2026-03-11 10:21:07,2026-03-11 10:21:07,21.0,Employé(e) à plein temps,Homme,1.0,['Violon / Violoncelle'],"['Travail / études', 'Trajet', 'Lecture / écriture', 'All of the above']",95
96,User 96,user96@example.com,2026-03-11 10:21:07,$2b$12$RAFnsQ2XZUhuArWffePqY.5ohCYDo0aZUDVDxy6nDF6qyw5v7rO5m,,2026-03-11 10:21:07,2026-03-11 10:21:07,52.0,Employé(e) à plein temps,Femme,0.0,nan,"['Sport', 'Soirée entre amis', 'Trajet', 'Détente']",96
97,User 97,user97@example.com,2026-03-11 10:21:07,$2b$12$FpOF/CmNPt4r6PUjFN5Av.6KlutaYbp/nyk9GJViuo.FzCRZVUYW2,,2026-03-11 10:21:07,2026-03-11 10:21:07,29.5,Employé(e) à plein temps,Femme,1.0,"['Piano / Orgues', 'Guitare / Basse / Banjo']","['Trajet', 'Soirée entre amis', 'Sport']",97
98,User 98,user98@example.com,2026-03-11 10:21:07,$2b$12$aEMAmTgiMLsbWRKx6pW3De4s5i/JqaWGF9zxCPuvtE1Jf7N3iPlxO,,2026-03-11 10:21:07,2026-03-11 10:21:07,nan,Employé(e) à plein temps,Homme,0.0,nan,"['Sport', 'Trajet', 'Détente', 'Soirée entre amis']",98
99,User 99,user99@example.com,2026-03-11 10:21:07,$2b$12$Ejgleuoa6ZwuUnryi.3Mh..xYlSiFrTIYF776i92GSYnzJaZAz8su,,2026-03-11 10:21:07,2026-03-11 10:21:07,52.0,Employé(e) à plein temps,Homme,1.0,['Piano / Orgues'],['Travail / études'],99
100,User 100,user100@example.com,2026-03-11 10:21:07,$2b$12$43wih1KcJRGlJjA06IKzd.sbsaovFjgTKiVRNWS3yYZrS2pDg2JRK,,2026-03-11 10:21:07,2026-03-11 10:21:07,52.0,Employé(e) à plein temps,Homme,1.0,"['Guitare / Basse / Banjo', 'Batterie / Djembé', 'Autotune']","['Sport', 'Trajet', 'Détente', 'Soirée entre amis']",100
101,User 101,user101@example.com,2026-03-11 10:21:07,$2b$12$OPPTMXVQG8wTnLyOxQdWrOARgw4Jr9eN8CGa5wHIQP8O7lOOJ2nfa,,2026-03-11 10:21:07,2026-03-11 10:21:07,39.5,Employé(e) à plein temps,Homme,0.0,nan,"['Détente', 'quand je ne me sens pas bien']",101
102,User 102,user102@example.com,2026-03-11 10:21:07,$2b$12$v7eVax6J6jWIe9EFC/HFGuS6Hmqm82Q3cMaQrWsrCojpbH.TkqgRO,,2026-03-11 10:21:07,2026-03-11 10:21:07,52.0,Employé(e) à plein temps,Homme,0.0,nan,"['Trajet', 'Soirée entre amis']",102
